Ticker,Alias,Name,Country,Currency,Exchange,Sector,InIndex,Indexes,Portfolio,PortfolioAction,Signal,Confidence,Reco,Action,Price,DividendYield_%,DividendRate,PayoutRatio_%,PE,TargetMeanPrice,Upside_%,Upside_Yield_%,TotalReturnEst_%,MarketCap,52W_Low,52W_High,Status,Error
AVGO,,,US,,,,,,No,,,,,,,,,,,,,,,,,,ERROR,'Response' object is not subscriptable
GEN.CO,,,DK,,,,,,No,,,,,,,,,,,,,,,,,,ERROR,'currency'
SIM.CO,,,DK,,,,,,No,,,,,,,,,,,,,,,,,,ERROR,'currency'
LUN.CO,,,DK,,,,,,No,,,,,,,,,,,,,,,,,,ERROR,'currency'
SPNO.CO,,,DK,,,,,,No,,,,,,,,,,,,,,,,,,ERROR,'currency'
TOP.CO,,,DK,,,,,,No,,,,,,,,,,,,,,,,,,ERROR,'currency'
JUTL.CO,,,DK,,,,,,No,,,,,,,,,,,,,,,,,,ERROR,'currency'
RTR.CO,,,DK,,,,,,No,,,,,,,,,,,,,,,,,,ERROR,'currency'
SAS-DKK.CO,,,DK,,,,,,No,,,,,,,,,,,,,,,,,,ERROR,'currency'
ALKA-B.CO,,,DK,,,,,,No,,,,,,,,,,,,,,,,,,ERROR,'currency'
FAGR.ST,,,US,,,,,,No,,,,,,,,,,,,,,,,,,ERROR,'currency'
PNDORA.CO,,Pandora A/S,DK,DKK,CPH,Consumer Cyclical,No,,No,NEW_CANDIDATE,GOLD,HIGH,buy,STRONG_BUY,572.0,3.5,20.0,30.12,8.61,848.62,48.36,51.86,51.86,42681180160.0,566.4,1415.0,OK,
ORCL,,Oracle Corporation,US,USD,NYQ,Technology,No,,No,NEW_CANDIDATE,GOLD,HIGH,buy,STRONG_BUY,201.6,0.98,2.0,35.71,37.89,291.61,44.65,45.63,45.63,579219226624.0,118.86,345.72,OK,
TMUS,,"T-Mobile US, Inc.",US,USD,NMS,Communication Services,No,,No,NEW_CANDIDATE,GOLD,HIGH,buy,STRONG_BUY,190.33,2.07,4.08,33.91,18.32,270.62,42.18,44.25,44.25,214201008128.0,189.95,276.49,OK,
TMO,,Thermo Fisher Scientific Inc,US,USD,NYQ,Healthcare,No,,No,NEW_CANDIDATE,BUY,HIGH,buy,STRONG_BUY,598.42,28.0,1.72,9.71,34.61,651.52,8.87,36.87,36.87,224833093632.0,385.46,628.08,OK,
CCI,,Crown Castle Inc.,US,USD,NYQ,Real Estate,No,,No,NEW_CANDIDATE,GOLD,HIGH,buy,STRONG_BUY,84.96,5.0,4.25,221.99,24.91,111.11,30.78,35.78,35.78,36998340608.0,83.21,115.76,OK,
KMB,,Kimberly-Clark Corporation,US,USD,NMS,Consumer Defensive,No,,No,NEW_CANDIDATE,GOLD,HIGH,hold,STRONG_BUY,98.17,5.13,5.04,84.6,16.61,126.6,28.96,34.09,34.09,32581947392.0,96.26,150.45,OK,
INVH,,Invitation Homes Inc.,US,USD,NYQ,Real Estate,No,,No,NEW_CANDIDATE,GOLD,HIGH,buy,STRONG_BUY,26.3,4.5,1.2,122.11,27.69,34.07,29.51,34.01,34.01,16125507584.0,25.29,35.8,OK,
MSFT,,Microsoft Corporation,US,USD,NMS,Technology,No,,No,NEW_CANDIDATE,GOLD,HIGH,strong_buy,STRONG_BUY,468.84,0.76,3.64,23.61,33.3,622.04,32.68,33.44,33.44,3484965666816.0,344.79,555.45,OK,
AMT,,American Tower Corporation (REI,US,USD,NYQ,Real Estate,No,,No,NEW_CANDIDATE,GOLD,HIGH,buy,STRONG_BUY,171.25,3.96,6.8,107.18,27.27,220.4,28.7,32.66,32.66,80188022784.0,166.88,234.33,OK,
T,,AT&T Inc.,US,USD,NYQ,Communication Services,No,,No,NEW_CANDIDATE,GOLD,HIGH,buy,STRONG_BUY,23.3,4.68,1.11,36.16,7.59,29.63,27.16,31.84,31.84,166639747072.0,21.38,29.79,OK,
SINCH.ST,,Sinch AB,US,SEK,STO,Communication Services,No,,No,NEW_CANDIDATE,GOLD,HIGH,hold,STRONG_BUY,28.28,,,0.0,37.71,36.64,29.57,29.57,29.57,22690084864.0,15.7,36.99,OK,
VZ,,Verizon Communications Inc.,US,USD,NYQ,Communication Services,No,,No,NEW_CANDIDATE,GOLD,HIGH,buy,STRONG_BUY,39.05,6.93,2.76,58.05,8.33,47.6,21.88,28.81,28.81,164652679168.0,10.6,47.36,OK,
KDP,,Keurig Dr Pepper Inc.,US,USD,NMS,Consumer Defensive,No,,No,NEW_CANDIDATE,GOLD,HIGH,buy,STRONG_BUY,27.7,3.32,0.92,79.31,23.88,34.43,24.27,27.59,27.59,37639544832.0,25.03,36.12,OK,
PGR,,Progressive Corporation (The),US,USD,NYQ,Financial Services,No,,No,NEW_CANDIDATE,GOLD,HIGH,hold,STRONG_BUY,208.75,6.42,13.9,26.89,11.45,251.63,20.54,26.96,26.96,122369253376.0,199.9,292.99,OK,
ENB,,Enbridge Inc,US,USD,NYQ,Energy,No,,No,NEW_CANDIDATE,GOLD,HIGH,buy,STRONG_BUY,46.03,6.04,2.77,146.76,25.16,55.57,20.71,26.75,26.75,100494409728.0,39.73,50.54,OK,
AMBU-B.CO,,Ambu A/S,DK,DKK,CPH,Healthcare,No,,No,NEW_CANDIDATE,GOLD,HIGH,buy,STRONG_BUY,91.0,0.46,0.41,16.67,39.91,114.79,26.14,26.6,26.6,24224606208.0,80.1,143.9,OK,
DLR,,"Digital Realty Trust, Inc.",US,USD,NYQ,Real Estate,No,,No,NEW_CANDIDATE,GOLD,HIGH,buy,STRONG_BUY,159.02,3.09,4.88,126.42,41.09,195.43,22.9,25.99,25.99,55610019840.0,129.95,187.74,OK,
OKE,,"ONEOK, Inc.",US,USD,NYQ,Energy,No,,No,NEW_CANDIDATE,GOLD,HIGH,buy,STRONG_BUY,73.94,5.68,4.12,75.0,13.59,88.63,19.87,25.55,25.55,46564159488.0,64.02,111.02,OK,
GIS,,"General Mills, Inc.",US,USD,NYQ,Consumer Defensive,No,,No,NEW_CANDIDATE,GOLD,HIGH,hold,STRONG_BUY,44.01,5.61,2.44,52.04,9.46,52.42,19.13,24.74,24.74,23480279040.0,42.79,67.35,OK,
OBDC,,Blue Owl Capital Corporation,US,USD,NYQ,Financial Services,No,,No,NEW_CANDIDATE,GOLD,HIGH,none,STRONG_BUY,12.53,8.93,1.13,114.18,8.88,14.5,15.77,24.7,24.7,6400878592.0,11.64,15.73,OK,
KINV-B.ST,,Kinnevik AB ser. B,US,SEK,STO,Financial Services,No,,No,NEW_CANDIDATE,GOLD,HIGH,none,STRONG_BUY,81.48,,,0.0,181.07,101.33,24.37,24.37,24.37,23053332480.0,61.56,94.14,OK,
EQIX,,"Equinix, Inc.",US,USD,NMS,Real Estate,No,,No,NEW_CANDIDATE,GOLD,HIGH,buy,STRONG_BUY,794.36,2.39,18.76,168.47,72.88,958.19,20.62,23.01,23.01,77995089920.0,701.41,953.41,OK,
MA,,Mastercard Incorporated,US,USD,NYQ,Financial Services,No,,No,NEW_CANDIDATE,GOLD,HIGH,buy,STRONG_BUY,545.78,0.61,3.48,18.8,34.92,665.67,21.97,22.58,22.58,493391609856.0,465.59,601.77,OK,
BXP,,"BXP, Inc.",US,USD,NYQ,Real Estate,No,,No,NEW_CANDIDATE,GOLD,HIGH,buy,STRONG_BUY,66.48,4.18,2.8,19600.0,32.48,78.7,18.38,22.56,22.56,11760082944.0,54.22,79.33,OK,
COLO-B.CO,,Coloplast B A/S,DK,DKK,CPH,Healthcare,No,,No,NEW_CANDIDATE,GOLD ⚠,MEDIUM,buy,STRONG_BUY,576.4,4.01,23.0,136.39,35.76,683.22,18.53,22.54,22.54,129901428736.0,535.0,850.6,OK,
BLK,,"BlackRock, Inc.",US,USD,NYQ,Financial Services,No,,No,NEW_CANDIDATE,GOLD,HIGH,buy,STRONG_BUY,1083.27,1.91,20.84,53.36,27.85,1306.67,20.62,22.53,22.53,168069562368.0,773.74,1219.94,OK,
ROCK-B.CO,,Rockwool A/S ser. B,DK,DKK,CPH,Industrials,No,,No,NEW_CANDIDATE,GOLD,HIGH,buy,STRONG_BUY,205.0,2.84,6.3,35.63,11.58,245.25,19.63,22.47,22.47,42435706880.0,196.7,328.6,OK,
HTGC,,"Hercules Capital, Inc.",US,USD,NYQ,Financial Services,No,,No,NEW_CANDIDATE,GOLD,HIGH,buy,STRONG_BUY,18.61,10.07,1.88,108.62,10.7,20.92,12.36,22.43,22.43,3382682112.0,15.65,22.04,OK,
EQR,,Equity Residential,US,USD,NYQ,Real Estate,No,,No,NEW_CANDIDATE,GOLD,HIGH,buy,STRONG_BUY,59.87,4.6,2.77,90.63,19.69,70.38,17.55,22.15,22.15,23562549248.0,58.38,75.86,OK,
CARL-B.CO,,Carlsberg B A/S,DK,DKK,CPH,Consumer Defensive,No,,No,NEW_CANDIDATE,GOLD,HIGH,buy,STRONG_BUY,836.8,3.22,27.0,53.57,16.6,994.86,18.89,22.11,22.11,111800270848.0,679.0,958.8,OK,
NIBE-B.ST,,NIBE Industrier AB ser. B,US,SEK,STO,Industrials,No,,No,NEW_CANDIDATE,GOLD,HIGH,none,STRONG_BUY,36.87,0.81,0.3,21.13,25.96,44.63,21.05,21.86,21.86,74332364800.0,30.05,51.38,OK,
SYK,,Stryker Corporation,US,USD,NYQ,Healthcare,No,,No,NEW_CANDIDATE,GOLD,HIGH,buy,STRONG_BUY,353.6,0.97,3.52,44.15,46.4,427.39,20.87,21.84,21.84,135225008128.0,329.16,406.19,OK,
CAG,,"ConAgra Brands, Inc.",US,USD,NYQ,Consumer Defensive,No,,No,NEW_CANDIDATE,GOLD,HIGH,hold,STRONG_BUY,16.68,8.39,1.4,79.1,9.21,18.87,13.13,21.52,21.52,7979203072.0,15.96,28.52,OK,
ETN,,"Eaton Corporation, PLC",US,USD,NYQ,Industrials,No,,No,NEW_CANDIDATE,GOLD,HIGH,buy,STRONG_BUY,331.85,1.26,4.16,40.64,33.19,397.79,19.87,21.13,21.13,129189208064.0,231.85,399.56,OK,
V,,Visa Inc.,US,USD,NYQ,Financial Services,No,,No,NEW_CANDIDATE,GOLD,HIGH,strong_buy,STRONG_BUY,331.33,0.78,2.68,23.14,32.52,398.77,20.35,21.13,21.13,639432785920.0,299.0,375.51,OK,
PFE,,"Pfizer, Inc.",US,USD,NYQ,Healthcare,No,,No,NEW_CANDIDATE,GOLD ⚠,MEDIUM,buy,STRONG_BUY,25.07,6.81,1.72,99.42,14.58,28.66,14.31,21.12,21.12,142541275136.0,20.92,27.69,OK,
MET,,"MetLife, Inc.",US,USD,NYQ,Financial Services,No,,No,NEW_CANDIDATE,GOLD,HIGH,buy,STRONG_BUY,77.81,2.9,2.27,41.9,14.65,91.73,17.89,20.79,20.79,51745673216.0,65.21,88.09,OK,
EVO.ST,,Evolution AB,US,SEK,STO,Consumer Cyclical,No,,No,NEW_CANDIDATE,GOLD,HIGH,hold,STRONG_BUY,611.4,4.92,30.5,50.72,10.33,706.05,15.48,20.4,20.4,121888563200.0,603.8,891.6,OK,
DUK,,Duke Energy Corporation (Holdin,US,USD,NYQ,Utilities,No,,No,NEW_CANDIDATE,GOLD,HIGH,buy,STRONG_BUY,116.88,3.65,4.26,66.14,18.41,136.35,16.67,20.32,20.32,90889158656.0,105.61,130.03,OK,
ABT,,Abbott Laboratories,US,USD,NYQ,Healthcare,No,,No,NEW_CANDIDATE,GOLD,HIGH,buy,STRONG_BUY,122.48,2.02,2.52,29.15,15.39,144.75,18.18,20.2,20.2,213171421184.0,110.86,141.23,OK,
DIS,,Walt Disney Company (The),US,USD,NYQ,Communication Services,No,,No,NEW_CANDIDATE,GOLD,HIGH,buy,STRONG_BUY,112.01,1.33,1.5,14.6,16.35,132.64,18.42,19.75,19.75,201386573824.0,80.1,124.69,OK,
ARCC,,Ares Capital Corporation,US,USD,NMS,Financial Services,No,,No,NEW_CANDIDATE,GOLD,HIGH,buy,STRONG_BUY,20.57,9.36,1.92,96.48,10.33,22.64,10.1,19.46,19.46,14741539840.0,18.26,23.84,OK,
COP,,ConocoPhillips,US,USD,NYQ,Energy,No,,No,NEW_CANDIDATE,GOLD,HIGH,buy,STRONG_BUY,97.23,3.52,3.36,44.07,13.73,112.26,15.46,18.98,18.98,121440911360.0,79.88,106.2,OK,
NKE,,"Nike, Inc.",US,USD,NYQ,Consumer Cyclical,No,,No,NEW_CANDIDATE,GOLD ⚠,MEDIUM,buy,STRONG_BUY,66.26,2.5,1.64,94.15,38.75,77.0,16.21,18.71,18.71,98090205184.0,52.28,82.44,OK,
PG,,Procter & Gamble Company (The),US,USD,NYQ,Consumer Defensive,No,,No,NEW_CANDIDATE,GOLD,HIGH,buy,STRONG_BUY,143.63,2.95,4.23,60.24,21.0,166.18,15.7,18.65,18.65,336163930112.0,137.62,179.99,OK,
KMI,,"Kinder Morgan, Inc.",US,USD,NYQ,Energy,No,,No,NEW_CANDIDATE,GOLD,HIGH,buy,STRONG_BUY,27.24,4.35,1.17,95.08,22.33,31.1,14.17,18.52,18.52,60601802752.0,23.94,31.48,OK,
AVB,,"AvalonBay Communities, Inc.",US,USD,NYQ,Real Estate,No,,No,NEW_CANDIDATE,GOLD,HIGH,buy,STRONG_BUY,177.63,3.92,7.0,84.76,21.64,203.45,14.53,18.45,18.45,25292208128.0,166.73,230.21,OK,
WEC,,"WEC Energy Group, Inc.",US,USD,NYQ,Utilities,No,,No,NEW_CANDIDATE,GOLD,HIGH,buy,STRONG_BUY,105.49,3.63,3.81,66.52,19.98,121.09,14.79,18.42,18.42,34315288576.0,93.68,118.19,OK,
MDT,,Medtronic plc.,US,USD,NYQ,Healthcare,No,,No,NEW_CANDIDATE,GOLD,HIGH,buy,STRONG_BUY,96.12,2.93,2.84,76.42,26.05,110.87,15.35,18.28,18.28,123285061632.0,79.55,106.33,OK,
EXC,,Exelon Corporation,US,USD,NMS,Utilities,No,,No,NEW_CANDIDATE,GOLD,HIGH,buy,STRONG_BUY,43.13,3.73,1.6,56.63,15.46,49.35,14.42,18.15,18.15,43565797376.0,37.32,48.51,OK,
RSG,,"Republic Services, Inc.",US,USD,NYQ,Industrials,No,,No,NEW_CANDIDATE,GOLD,HIGH,buy,STRONG_BUY,209.86,1.19,2.5,35.14,31.18,245.46,16.96,18.15,18.15,65521610752.0,201.42,258.75,OK,
SYY,,Sysco Corporation,US,USD,NYQ,Consumer Defensive,No,,No,NEW_CANDIDATE,GOLD,HIGH,buy,STRONG_BUY,75.49,2.91,2.16,56.3,20.24,86.94,15.17,18.08,18.08,36147351552.0,67.12,83.47,OK,
INDT.ST,,Indutrade AB,US,SEK,STO,Industrials,No,,No,NEW_CANDIDATE,GOLD,HIGH,buy,STRONG_BUY,232.0,1.28,3.0,40.98,31.65,270.83,16.74,18.02,18.02,84522934272.0,212.0,332.6,OK,
BKNG,,Booking Holdings Inc. Common St,US,USD,NMS,Consumer Cyclical,No,,No,NEW_CANDIDATE,GOLD,HIGH,buy,STRONG_BUY,5316.41,0.71,38.4,24.44,34.6,6226.7,17.12,17.83,17.83,172304089088.0,4096.23,5839.41,OK,
QCOM,,QUALCOMM Incorporated,US,USD,NMS,Technology,No,,No,NEW_CANDIDATE,GOLD,HIGH,buy,STRONG_BUY,166.34,2.1,3.56,69.46,33.2,192.4,15.67,17.77,17.77,179480870912.0,120.8,205.95,OK,
PSA,,Public Storage,US,USD,NYQ,Real Estate,No,,No,NEW_CANDIDATE,GOLD,HIGH,buy,STRONG_BUY,276.77,4.3,12.0,124.61,28.74,313.95,13.43,17.73,17.73,48563335168.0,256.54,322.49,OK,
ESS,,"Essex Property Trust, Inc.",US,USD,NYQ,Real Estate,No,,No,NEW_CANDIDATE,GOLD,HIGH,hold,STRONG_BUY,249.92,4.11,10.28,77.26,19.01,283.19,13.31,17.42,17.42,17261592576.0,243.25,316.29,OK,
SYDB.CO,,Sydbank A/S,DK,DKK,CPH,Financial Services,No,,No,NEW_CANDIDATE,GOLD,HIGH,buy,STRONG_BUY,557.0,4.83,26.88,60.95,12.63,627.0,12.57,17.4,17.4,27310104576.0,321.0,589.5,OK,
WMB,,"Williams Companies, Inc. (The)",US,USD,NYQ,Energy,No,,No,NEW_CANDIDATE,GOLD,HIGH,buy,STRONG_BUY,60.02,3.36,2.0,102.33,31.1,68.27,13.76,17.12,17.12,73291448320.0,51.58,65.55,OK,
UNP,,Union Pacific Corporation,US,USD,NYQ,Industrials,No,,No,NEW_CANDIDATE,GOLD,HIGH,buy,STRONG_BUY,228.68,2.41,5.52,45.84,19.43,261.8,14.48,16.89,16.89,135644864512.0,204.66,256.84,OK,
SCHW,,Charles Schwab Corporation (The,US,USD,NYQ,Financial Services,No,,No,NEW_CANDIDATE,GOLD,HIGH,buy,STRONG_BUY,100.78,1.06,1.08,24.82,23.6,116.63,15.73,16.79,16.79,182928736256.0,65.88,104.76,OK,
USB,,U.S. Bancorp,US,USD,NYQ,Financial Services,No,,No,NEW_CANDIDATE,GOLD,HIGH,buy,STRONG_BUY,54.03,3.75,2.04,46.22,12.36,61.07,13.03,16.78,16.78,84080910336.0,35.18,56.2,OK,
WM,,"Waste Management, Inc.",US,USD,NYQ,Industrials,No,,No,NEW_CANDIDATE,GOLD,HIGH,buy,STRONG_BUY,216.0,1.51,3.3,50.79,33.96,248.56,15.07,16.58,16.58,87019282432.0,194.11,242.58,OK,
ALL,,Allstate Corporation (The),US,USD,NYQ,Financial Services,No,,No,NEW_CANDIDATE,GOLD,HIGH,buy,STRONG_BUY,205.91,1.92,4.0,12.71,6.68,236.05,14.64,16.56,16.56,54257065984.0,176.0,215.89,OK,
ICE,,Intercontinental Exchange Inc.,US,USD,NYQ,Financial Services,No,,No,NEW_CANDIDATE,GOLD,HIGH,buy,STRONG_BUY,164.46,1.15,1.92,34.43,29.96,189.57,15.27,16.42,16.42,94140710912.0,143.17,189.35,OK,
CSCO,,"Cisco Systems, Inc.",US,USD,NMS,Technology,No,,No,NEW_CANDIDATE,GOLD,HIGH,none,STRONG_BUY,74.84,2.22,1.64,62.93,28.9,85.43,14.15,16.37,16.37,295719665664.0,52.11,80.82,OK,
LIFCO-B.ST,,Lifco AB ser.B,US,SEK,STO,Industrials,No,,No,NEW_CANDIDATE,GOLD,HIGH,buy,STRONG_BUY,330.8,0.7,2.4,30.61,42.14,382.4,15.6,16.3,16.3,150254747648.0,310.0,409.4,OK,
BAC,,Bank of America Corporation,US,USD,NYQ,Financial Services,No,,No,NEW_CANDIDATE,GOLD,HIGH,buy,STRONG_BUY,54.67,2.03,1.12,28.96,14.94,62.1,13.6,15.63,15.63,413310648320.0,33.07,57.55,OK,
KO,,Coca-Cola Company (The),US,USD,NYQ,Consumer Defensive,No,,No,NEW_CANDIDATE,GOLD,HIGH,buy,STRONG_BUY,70.65,2.89,2.04,66.72,23.39,79.59,12.66,15.55,15.55,304054108160.0,61.3,74.38,OK,
ELUX-B.ST,,"Electrolux, AB ser. B",US,SEK,STO,Consumer Cyclical,No,,No,NEW_CANDIDATE,GOLD,HIGH,buy,STRONG_BUY,64.94,,,0.0,31.52,74.88,15.3,15.3,15.3,17646118912.0,50.34,111.55,OK,
ARE,,Alexandria Real Estate Equities,US,USD,NYQ,Real Estate,No,,No,NEW_CANDIDATE,BUY,HIGH,buy,STRONG_BUY,54.34,8.61,4.68,689.47,-679.28,57.92,6.59,15.2,15.2,9391728640.0,44.1,105.14,OK,
KRC,,Kilroy Realty Corporation,US,USD,NYQ,Real Estate,No,,No,NEW_CANDIDATE,BUY,HIGH,hold,STRONG_BUY,38.74,5.56,2.16,79.7,14.3,42.47,9.61,15.17,15.17,4628333056.0,27.07,45.03,OK,
C,,"Citigroup, Inc.",US,USD,NYQ,Financial Services,No,,No,NEW_CANDIDATE,BUY,MEDIUM,buy,BUY,116.55,2.04,2.4,32.02,16.37,131.64,12.94,14.98,14.98,214556655616.0,55.51,124.17,OK,
OXY,,Occidental Petroleum Corporatio,US,USD,NYQ,Energy,No,,No,NEW_CANDIDATE,BUY,MEDIUM,hold,BUY,43.97,2.25,0.96,69.12,32.33,49.54,12.68,14.93,14.93,43314778112.0,34.78,52.84,OK,
ABBV,,AbbVie Inc.,US,USD,NYQ,Healthcare,No,,No,NEW_CANDIDATE,BUY ⚠,LOW,buy,BUY,218.91,3.14,6.92,490.15,165.84,244.59,11.73,14.87,14.87,386898165760.0,164.39,244.81,OK,
ADP,,"Automatic Data Processing, Inc.",US,USD,NMS,Technology,No,,No,NEW_CANDIDATE,BUY,MEDIUM,hold,BUY,258.02,2.59,6.8,60.81,25.5,289.54,12.22,14.81,14.81,104521187328.0,247.18,329.93,OK,
SPGI,,S&P Global Inc.,US,USD,NYQ,Financial Services,No,,No,NEW_CANDIDATE,BUY,MEDIUM,strong_buy,BUY,538.77,0.71,3.84,27.56,39.1,614.5,14.06,14.77,14.77,164486479872.0,427.14,579.05,OK,
MSCI,,MSCI Inc.,US,USD,NYQ,Financial Services,No,,No,NEW_CANDIDATE,BUY,MEDIUM,buy,BUY,580.22,1.23,7.2,44.39,36.77,658.07,13.42,14.65,14.65,44888854528.0,486.74,634.99,OK,
SO,,Southern Company (The),US,USD,NYQ,Utilities,No,,No,NEW_CANDIDATE,BUY,MEDIUM,hold,BUY,87.0,3.41,2.96,72.64,21.64,96.72,11.17,14.58,14.58,95801630720.0,81.41,100.84,OK,
VTR,,"Ventas, Inc.",US,USD,NYQ,Real Estate,No,,No,NEW_CANDIDATE,BUY,MEDIUM,buy,BUY,76.48,2.54,1.92,356.6,144.3,85.65,11.99,14.53,14.53,35925168128.0,57.7,81.89,OK,
NEE,,"NextEra Energy, Inc.",US,USD,NYQ,Utilities,No,,No,NEW_CANDIDATE,BUY,MEDIUM,buy,BUY,81.3,2.79,2.27,70.3,25.81,90.83,11.72,14.51,14.51,169316171776.0,61.72,87.53,OK,
SRE,,DBA Sempra,US,USD,NYQ,Utilities,No,,No,NEW_CANDIDATE,BUY,MEDIUM,buy,BUY,89.8,2.9,2.58,78.62,27.63,100.07,11.43,14.33,14.33,58610802688.0,61.9,95.72,OK,
TRYG.CO,,Tryg A/S,DK,DKK,CPH,Financial Services,No,,No,NEW_CANDIDATE,BUY,MEDIUM,buy,BUY,159.3,5.12,8.2,100.46,20.01,173.9,9.17,14.29,14.29,96069959680.0,141.5,173.9,OK,
TFC,,Truist Financial Corporation,US,USD,NYQ,Financial Services,No,,No,NEW_CANDIDATE,BUY,MEDIUM,buy,BUY,50.05,4.15,2.08,55.76,13.42,55.1,10.1,14.25,14.25,64536227840.0,33.56,51.52,OK,
DEMANT.CO,,Demant A/S,DK,DKK,CPH,Healthcare,No,,No,NEW_CANDIDATE,BUY,MEDIUM,buy,BUY,233.0,,,0.0,18.67,265.76,14.06,14.06,14.06,49632337920.0,202.4,294.2,OK,
CSX,,CSX Corporation,US,USD,NMS,Industrials,No,,No,NEW_CANDIDATE,BUY,MEDIUM,buy,BUY,35.47,1.48,0.52,33.12,23.03,39.83,12.3,13.78,13.78,66125905920.0,26.22,37.54,OK,
HON,,Honeywell International Inc.,US,USD,NMS,Industrials,No,,No,NEW_CANDIDATE,BUY,MEDIUM,buy,BUY,210.27,2.2,4.58,47.68,22.2,234.58,11.56,13.76,13.76,141694582784.0,169.05,227.82,OK,
DHR,,Danaher Corporation,US,USD,NYQ,Healthcare,No,,No,NEW_CANDIDATE,BUY,MEDIUM,strong_buy,BUY,230.96,0.54,1.28,25.31,47.62,261.05,13.03,13.57,13.57,165379276800.0,171.0,258.23,OK,
AEP,,American Electric Power Company,US,USD,NMS,Utilities,No,,No,NEW_CANDIDATE,BUY,MEDIUM,buy,BUY,116.53,3.26,3.8,54.47,17.06,128.47,10.25,13.51,13.51,62374498304.0,93.43,124.8,OK,
PM,,Philip Morris International Inc,US,USD,NYQ,Consumer Defensive,No,,No,NEW_CANDIDATE,BUY,MEDIUM,buy,BUY,166.45,3.56,5.88,78.76,23.78,182.88,9.87,13.43,13.43,259102507008.0,117.18,186.69,OK,
PEP,,"Pepsico, Inc.",US,USD,NMS,Consumer Defensive,No,,No,NEW_CANDIDATE,BUY ⚠,LOW,hold,BUY,142.54,4.03,5.69,105.61,27.1,155.91,9.38,13.41,13.41,195147857920.0,127.6,160.15,OK,
PNC,,"PNC Financial Services Group, I",US,USD,NYQ,Financial Services,No,,No,NEW_CANDIDATE,BUY,MEDIUM,buy,BUY,214.47,3.15,6.8,41.99,13.85,236.12,10.09,13.24,13.24,84273201152.0,145.12,220.54,OK,
WELL,,Welltower Inc.,US,USD,NYQ,Real Estate,No,,No,NEW_CANDIDATE,BUY,MEDIUM,buy,BUY,187.38,1.59,2.96,189.66,128.34,208.7,11.38,12.97,12.97,128600719360.0,125.7,209.05,OK,
D,,"Dominion Energy, Inc.",US,USD,NYQ,Utilities,No,,No,NEW_CANDIDATE,BUY,MEDIUM,hold,BUY,59.03,4.57,2.67,87.25,19.29,63.81,8.1,12.67,12.67,50406498304.0,48.07,62.87,OK,
O,,Realty Income Corporation,US,USD,NYQ,Real Estate,No,,No,NEW_CANDIDATE,BUY,MEDIUM,hold,BUY,59.22,5.47,3.22,299.53,55.34,63.35,6.97,12.44,12.44,54472220672.0,50.71,61.09,OK,
MO,,"Altria Group, Inc.",US,USD,NYQ,Consumer Defensive,No,,No,NEW_CANDIDATE,BUY,MEDIUM,buy,BUY,59.85,7.24,4.24,78.63,11.42,62.58,4.56,11.8,11.8,100549869568.0,50.08,68.6,OK,
MCD,,McDonald's Corporation,US,USD,NYQ,Consumer Cyclical,No,,No,NEW_CANDIDATE,BUY,MEDIUM,buy,BUY,306.25,2.43,7.44,60.41,26.13,332.87,8.69,11.12,11.12,218537787392.0,276.53,326.32,OK,
SKF-B.ST,,"SKF, AB ser. B",US,SEK,STO,Industrials,No,,No,NEW_CANDIDATE,BUY,MEDIUM,buy,BUY,247.6,3.12,7.75,72.5,23.14,267.12,7.88,11.0,11.0,112800219136.0,157.7,259.7,OK,
AAPL,,Apple Inc.,US,USD,NMS,Technology,No,,No,NEW_CANDIDATE,BUY,MEDIUM,buy,BUY,260.31,0.4,1.04,13.67,34.85,287.83,10.57,10.97,10.97,3846358433792.0,169.21,288.62,OK,
BTI,,British American Tobacco  Indus,US,USD,NYQ,Consumer Defensive,No,,No,NEW_CANDIDATE,BUY ⚠,LOW,buy,BUY,56.59,5.63,3.14,168.95,30.26,59.5,5.13,10.76,10.76,122897571840.0,35.19,59.29,OK,
JPM,,JP Morgan Chase & Co.,US,USD,NYQ,Financial Services,No,,No,NEW_CANDIDATE,BUY,MEDIUM,buy,BUY,312.25,1.85,6.0,27.49,15.47,338.78,8.5,10.35,10.35,858624425984.0,202.16,337.25,OK,
COST,,Costco Wholesale Corporation,US,USD,NMS,Consumer Defensive,No,,No,,HOLD,MEDIUM,buy,HOLD,941.51,0.55,5.2,27.1,50.43,1030.19,9.42,9.97,9.97,417990606848.0,844.06,1078.23,OK,
TRV,,"The Travelers Companies, Inc.",US,USD,NYQ,Financial Services,No,,No,,HOLD,MEDIUM,hold,HOLD,275.62,1.57,4.4,16.92,10.85,298.55,8.32,9.89,9.89,62050263040.0,230.43,296.85,OK,
SPG,,"Simon Property Group, Inc.",US,USD,NYQ,Real Estate,No,,No,,HOLD,MEDIUM,buy,HOLD,184.85,4.76,8.8,123.0,26.87,194.25,5.09,9.85,9.85,69726715904.0,136.34,190.14,OK,
ESSITY-B.ST,,Essity AB ser. B,US,SEK,STO,Consumer Defensive,No,,No,,HOLD,MEDIUM,buy,HOLD,265.5,3.14,8.25,46.32,14.91,283.0,6.59,9.73,9.73,181339914240.0,236.1,312.4,OK,
NSC,,Norfolk Southern Corporation,US,USD,NYQ,Industrials,No,,No,,HOLD,MEDIUM,hold,HOLD,288.02,1.87,5.4,41.19,21.97,310.63,7.85,9.72,9.72,64627834880.0,201.63,302.24,OK,
MAIN,,Main Street Capital Corporation,US,USD,NYQ,Financial Services,No,,No,,HOLD,MEDIUM,hold,HOLD,60.85,7.12,4.32,69.7,10.07,62.14,2.12,9.24,9.24,5451401728.0,47.0,67.77,OK,
CL,,Colgate-Palmolive Company,US,USD,NYQ,Consumer Defensive,No,,No,,HOLD,MEDIUM,buy,HOLD,82.45,2.54,2.08,57.14,23.1,87.95,6.67,9.21,9.21,66637803520.0,74.55,100.18,OK,
ISRG,,"Intuitive Surgical, Inc.",US,USD,NMS,Healthcare,No,,No,,HOLD,MEDIUM,buy,HOLD,557.25,,,0.0,73.71,608.26,9.15,9.15,9.15,199761035264.0,425.0,616.0,OK,
WFC,,Wells Fargo & Company,US,USD,NYQ,Financial Services,No,,No,,HOLD,MEDIUM,buy,HOLD,94.05,1.9,1.8,27.18,15.49,100.68,7.06,8.96,8.96,301267615744.0,58.42,97.76,OK,
HEXA-B.ST,,Hexagon AB ser. B,US,SEK,STO,Technology,No,,No,,HOLD,MEDIUM,hold,HOLD,109.7,1.38,1.52,56.22,41.09,117.6,7.2,8.58,8.58,294476251136.0,82.8,130.55,OK,
NOC,,Northrop Grumman Corporation,US,USD,NYQ,Industrials,No,,No,,HOLD,MEDIUM,buy,HOLD,625.33,1.47,9.24,31.47,22.53,669.58,7.08,8.55,8.55,89535897600.0,426.24,640.9,OK,
MRK,,"Merck & Company, Inc.",US,USD,NYQ,Healthcare,No,,No,,HOLD,MEDIUM,buy,HOLD,108.02,3.11,3.4,42.86,14.29,113.33,4.92,8.03,8.03,269798064128.0,73.31,112.9,OK,
DE,,Deere & Company,US,USD,NYQ,Industrials,No,,No,,HOLD,MEDIUM,buy,HOLD,495.06,1.32,6.48,35.03,26.76,528.26,6.71,8.03,8.03,133885362176.0,404.42,533.78,OK,
CVX,,Chevron Corporation,US,USD,NYQ,Energy,No,,No,,HOLD,MEDIUM,buy,HOLD,165.59,4.21,6.84,95.08,23.29,171.78,3.74,7.95,7.95,333634437120.0,132.04,168.96,OK,
SBUX,,Starbucks Corporation,US,USD,NMS,Consumer Cyclical,No,,No,,HOLD ⚠,LOW,buy,HOLD,90.08,2.76,2.48,149.69,55.26,94.71,5.14,7.9,7.9,102429974528.0,75.5,117.46,OK,
GD,,General Dynamics Corporation,US,USD,NYQ,Industrials,No,,No,,HOLD,MEDIUM,buy,HOLD,362.4,1.66,6.0,38.37,23.52,384.91,6.21,7.87,7.87,97891647488.0,239.2,367.66,OK,
ED,,"Consolidated Edison, Inc.",US,USD,NYQ,Utilities,No,,No,,HOLD,MEDIUM,hold,HOLD,99.41,3.44,3.4,59.09,17.38,103.59,4.21,7.65,7.65,35878805504.0,88.26,114.87,OK,
GE,,GE Aerospace,US,USD,NYQ,Industrials,No,,No,,HOLD,MEDIUM,buy,HOLD,326.71,0.44,1.44,18.18,43.62,349.88,7.09,7.53,7.53,346456129536.0,159.36,332.79,OK,
FAST,,Fastenal Company,US,USD,NMS,Industrials,No,,No,,HOLD,MEDIUM,hold,HOLD,41.79,2.11,0.88,79.81,39.42,44.0,5.29,7.4,7.4,47976415232.0,35.3,50.63,OK,
ACN,,Accenture plc,US,USD,NYQ,Technology,No,,No,,HOLD,MEDIUM,buy,HOLD,275.81,2.32,6.52,50.17,22.78,289.67,5.02,7.34,7.34,171043602432.0,229.4,398.35,OK,
SLB,,SLB Limited,US,USD,NYQ,Energy,No,,No,,HOLD,MEDIUM,strong_buy,HOLD,45.85,2.52,1.14,43.97,17.84,48.05,4.81,7.33,7.33,68495351808.0,31.11,46.38,OK,
PLD,,"Prologis, Inc.",US,USD,NYQ,Real Estate,No,,No,,HOLD,MEDIUM,buy,HOLD,129.11,3.13,4.04,115.99,37.42,134.45,4.14,7.27,7.27,119926022144.0,85.35,131.7,OK,
CAST.ST,,Castellum AB,US,SEK,STO,Real Estate,No,,No,,HOLD,MEDIUM,hold,HOLD,109.75,2.28,2.48,30.15,17.79,115.1,4.87,7.15,7.15,54008201216.0,95.9,127.6,OK,
XOM,,Exxon Mobil Corporation,US,USD,NYQ,Energy,No,,No,,HOLD,MEDIUM,buy,HOLD,126.64,3.32,4.12,57.56,18.41,131.46,3.8,7.12,7.12,539897626624.0,97.8,126.99,OK,
EMR,,Emerson Electric Company,US,USD,NYQ,Industrials,No,,No,,HOLD,MEDIUM,buy,HOLD,145.9,1.53,2.22,52.36,36.2,153.85,5.45,6.98,6.98,82039873536.0,90.06,150.27,OK,
DSV.CO,,DSV A/S,DK,DKK,CPH,Industrials,No,,No,,HOLD,MEDIUM,strong_buy,HOLD,1727.0,0.42,7.0,17.5,43.25,1836.37,6.33,6.75,6.75,407766335488.0,1053.5,1734.0,OK,
PRU,,"Prudential Financial, Inc.",US,USD,NYQ,Financial Services,No,,No,,HOLD,MEDIUM,hold,HOLD,117.24,4.59,5.4,73.29,16.06,119.43,1.87,6.46,6.46,41260666880.0,90.38,123.88,OK,
HD,,"Home Depot, Inc. (The)",US,USD,NYQ,Consumer Cyclical,No,,No,,HOLD,MEDIUM,buy,HOLD,377.68,2.45,9.2,62.41,25.76,392.39,3.9,6.35,6.35,375984783360.0,326.31,426.75,OK,
CB,,Chubb Limited,US,USD,NYQ,Financial Services,No,,No,,HOLD,MEDIUM,buy,HOLD,302.15,1.27,3.88,15.71,12.63,317.17,4.97,6.24,6.24,120464269312.0,260.97,316.94,OK,
TELIA.ST,,Telia Company AB,US,SEK,STO,Communication Services,No,,No,,HOLD ⚠,LOW,hold,HOLD,38.49,5.09,2.0,145.99,28.09,38.91,1.1,6.19,6.19,151346888704.0,30.06,39.97,OK,
BMY,,Bristol-Myers Squibb Company,US,USD,NYQ,Healthcare,No,,No,,HOLD,MEDIUM,hold,HOLD,55.9,4.52,2.52,83.5,18.82,56.83,1.66,6.18,6.18,113798602752.0,42.52,63.33,OK,
BDX,,"Becton, Dickinson and Company",US,USD,NYQ,Healthcare,No,,No,,HOLD,MEDIUM,buy,HOLD,199.24,2.07,4.2,71.48,34.23,206.67,3.73,5.8,5.8,56865366016.0,162.29,251.99,OK,
ASSA-B.ST,,ASSA ABLOY AB ser. B,US,SEK,STO,Industrials,No,,No,,HOLD,MEDIUM,buy,HOLD,361.0,1.62,5.9,42.74,27.31,374.17,3.65,5.27,5.27,400990240768.0,252.5,367.0,OK,
NOVO-B.CO,,Novo Nordisk B A/S,DK,DKK,CPH,Healthcare,No,,No,,HOLD,MEDIUM,buy,HOLD,383.3,3.07,11.65,49.94,16.44,391.04,2.02,5.09,5.09,1703185612800.0,266.9,675.2,OK,
MMM,,3M Company,US,USD,NYQ,Industrials,No,,No,,WATCH,LOW,buy,WATCH,169.21,1.74,2.92,46.09,27.03,174.62,3.2,4.94,4.94,90126270464.0,121.98,174.69,OK,
ERIC-B.ST,,"Ericsson, Telefonab. L M ser. B",US,SEK,STO,Technology,No,,No,,WATCH,LOW,hold,WATCH,87.0,3.28,2.84,38.62,11.79,88.33,1.53,4.81,4.81,289995948032.0,65.94,98.56,OK,
UPS,,"United Parcel Service, Inc.",US,USD,NYQ,Industrials,No,,No,,WATCH ⚠,LOW,buy,WATCH,107.04,6.07,6.56,101.24,16.54,105.39,-1.54,4.53,4.53,90811195392.0,82.0,136.99,OK,
AFL,,AFLAC Incorporated,US,USD,NYQ,Financial Services,No,,No,,WATCH,LOW,hold,WATCH,108.45,2.24,2.44,29.43,14.25,110.85,2.2,4.44,4.44,58005151744.0,96.95,115.84,OK,
PEAB-B.ST,,Peab AB ser. B,US,SEK,STO,Industrials,No,,No,,WATCH,LOW,none,WATCH,89.05,3.07,2.75,26.13,15.51,90.0,1.07,4.14,4.14,25597579264.0,64.95,90.2,OK,
ITW,,Illinois Tool Works Inc.,US,USD,NYQ,Industrials,No,,No,,WATCH,LOW,hold,WATCH,255.85,2.53,6.44,59.26,24.82,259.97,1.61,4.14,4.14,74581729280.0,214.66,278.13,OK,
LLY,,Eli Lilly and Company,US,USD,NYQ,Healthcare,No,,No,,WATCH,LOW,buy,WATCH,1081.4,0.58,6.23,28.42,52.93,1116.33,3.23,3.81,3.81,969432825856.0,623.78,1133.95,OK,
GWW,,"W.W. Grainger, Inc.",US,USD,NYQ,Industrials,No,,No,,WATCH,LOW,hold,WATCH,1033.18,0.88,9.04,24.16,28.92,1060.8,2.67,3.55,3.55,49419321344.0,893.99,1139.15,OK,
ORSTED.CO,,ORSTED A/S,DK,DKK,CPH,Utilities,No,,No,,WATCH,LOW,hold,WATCH,134.6,,,0.0,17.69,139.17,3.39,3.39,3.39,177813520384.0,102.82,334.4,OK,
AZN.ST,,AstraZeneca PLC,US,SEK,STO,Healthcare,No,,No,,WATCH,LOW,none,WATCH,1723.0,1.82,31.69,52.05,31.06,1748.92,1.5,3.32,3.32,2671138570240.0,1226.0,1786.5,OK,
MS,,Morgan Stanley,US,USD,NYQ,Financial Services,No,,No,,WATCH,LOW,buy,WATCH,183.22,2.14,4.0,38.72,18.77,185.33,1.15,3.29,3.29,292480647168.0,94.33,188.82,OK,
TXN,,Texas Instruments Incorporated,US,USD,NMS,Technology,No,,No,,WATCH ⚠,LOW,hold,WATCH,188.58,3.0,5.68,99.09,34.41,189.1,0.28,3.28,3.28,171445092352.0,139.95,221.69,OK,
SSAB-A.ST,,SSAB AB ser. A,US,SEK,STO,Basic Materials,No,,No,,WATCH,LOW,buy,WATCH,78.92,3.45,2.6,52.31,15.88,78.69,-0.29,3.16,3.16,78653063168.0,43.28,78.92,OK,
DANSKE.CO,,Danske Bank A/S,DK,DKK,CPH,Financial Services,No,,No,,WATCH,LOW,buy,WATCH,319.4,5.94,18.7,34.25,11.7,310.43,-2.81,3.13,3.13,260245094400.0,177.0,324.9,OK,
LOW,,"Lowe's Companies, Inc.",US,USD,NYQ,Consumer Cyclical,No,,No,,WATCH,LOW,buy,WATCH,272.87,1.77,4.8,38.91,22.59,276.53,1.34,3.11,3.11,153066831872.0,206.39,274.98,OK,
HSY,,The Hershey Company,US,USD,NYQ,Consumer Defensive,No,,No,,WATCH,LOW,hold,WATCH,194.13,2.84,5.48,81.91,29.06,194.52,0.2,3.04,3.04,39366676480.0,140.13,199.0,OK,
RTX,,RTX Corporation,US,USD,NYQ,Industrials,No,,No,,WATCH,LOW,buy,WATCH,195.47,1.4,2.72,53.8,40.14,198.35,1.47,2.87,2.87,262087409664.0,112.27,197.55,OK,
PH,,Parker-Hannifin Corporation,US,USD,NYQ,Industrials,No,,No,,WATCH,LOW,buy,WATCH,937.66,0.78,7.2,24.44,33.43,956.47,2.01,2.79,2.79,118655311872.0,488.45,939.5,OK,
WMT,,Walmart Inc.,US,USD,NMS,Consumer Defensive,No,,No,,WATCH,LOW,strong_buy,WATCH,120.12,0.8,0.94,31.91,42.15,122.49,1.97,2.77,2.77,957738778624.0,79.81,120.25,OK,
K,,Kellanova,US,USD,NYQ,Consumer Defensive,No,,No,,WATCH,LOW,hold,WATCH,83.44,2.78,2.32,62.57,22.8,83.42,-0.03,2.75,2.75,29031499776.0,76.48,83.65,OK,
SPKSJF.CO,,Sparekassen Sjælland-Fyn A/S,DK,DKK,CPH,Financial Services,No,,No,,WATCH,LOW,none,WATCH,384.0,2.6,10.0,29.07,11.16,,,2.6,2.6,6231685632.0,241.0,395.0,OK,
BA,,Boeing Company (The),US,USD,NYQ,Industrials,No,,No,,WATCH,LOW,buy,WATCH,245.87,,,0.0,107.72,251.36,2.23,2.23,2.23,192529809408.0,128.88,247.4,OK,
NDA-SE.ST,,Nordea Bank Abp,US,SEK,STO,Financial Services,No,,No,,WATCH,LOW,buy,WATCH,177.1,5.81,10.19,67.63,11.88,170.34,-3.81,2.0,2.0,605494706176.0,107.0,177.85,OK,
SKA-B.ST,,Skanska AB ser. B,US,SEK,STO,Industrials,No,,No,,WATCH,LOW,buy,WATCH,271.3,2.92,8.0,53.62,18.18,268.8,-0.92,2.0,2.0,112103792640.0,182.65,274.6,OK,
ATCO-B.ST,,Atlas Copco AB ser. B,US,SEK,STO,Industrials,No,,No,,WATCH,LOW,none,WATCH,158.5,1.88,3.0,51.24,27.95,,,1.88,1.88,838392348672.0,115.75,174.75,OK,
JNJ,,Johnson & Johnson,US,USD,NYQ,Healthcare,No,,No,,WATCH,LOW,buy,WATCH,213.31,2.48,5.2,49.08,20.59,212.0,-0.61,1.87,1.87,513926725632.0,141.5,215.19,OK,
NKT.CO,,NKT A/S,DK,DKK,CPH,Industrials,No,,No,,WATCH,LOW,buy,WATCH,789.0,,,0.0,25.14,802.33,1.69,1.69,1.69,42172407808.0,395.2,843.0,OK,
ATCO-A.ST,,Atlas Copco AB ser. A,US,SEK,STO,Industrials,No,,No,,WATCH,LOW,buy,WATCH,181.4,1.65,3.0,51.24,31.99,180.56,-0.47,1.18,1.18,883290210304.0,130.0,195.6,OK,
REAL,,"The RealReal, Inc.",US,USD,NMS,Consumer Cyclical,No,,No,,WATCH,LOW,strong_buy,WATCH,16.92,,,0.0,461.04,17.0,0.47,0.47,0.47,1974273792.0,4.61,16.95,OK,
FDX,,FedEx Corporation,US,USD,NYQ,Industrials,No,,No,,WATCH,LOW,buy,WATCH,311.0,1.86,5.8,31.32,17.22,306.54,-1.44,0.42,0.42,73382150144.0,194.3,318.83,OK,
GMAB.CO,,Genmab A/S,DK,DKK,CPH,Healthcare,No,,No,,WATCH,LOW,buy,WATCH,2146.0,,,0.0,14.62,2154.69,0.4,0.4,0.4,132192116736.0,1157.0,2220.0,OK,
IBM,,International Business Machines,US,USD,NYQ,Technology,No,,No,,WATCH,LOW,buy,WATCH,307.46,2.15,6.72,79.86,36.6,302.05,-1.76,0.39,0.39,287392563200.0,214.5,324.9,OK,
VOLV-B.ST,,"Volvo, AB ser. B",US,SEK,STO,Industrials,No,,No,,WATCH,LOW,buy,WATCH,307.4,2.58,8.0,45.71,17.57,300.62,-2.2,0.38,0.38,625372954624.0,220.8,344.4,OK,
ISS.CO,,ISS A/S,DK,DKK,CPH,Industrials,No,,No,,WATCH,LOW,buy,WATCH,232.8,1.35,3.1,20.26,15.23,230.5,-0.99,0.36,0.36,37568782336.0,124.1,237.0,OK,
LMT,,Lockheed Martin Corporation,US,USD,NYQ,Industrials,No,,No,,WATCH,LOW,hold,WATCH,557.31,2.5,13.8,73.54,31.01,540.68,-2.98,-0.48,-0.48,130112520192.0,410.11,563.19,OK,
ROK,,"Rockwell Automation, Inc.",US,USD,NYQ,Industrials,No,,No,,WATCH,LOW,buy,WATCH,415.15,1.33,5.52,68.32,54.2,407.5,-1.84,-0.51,-0.51,46677196800.0,215.0,420.19,OK,
SSAB-B.ST,,SSAB AB ser. B,US,SEK,STO,Basic Materials,No,,No,,WATCH,LOW,none,WATCH,78.4,3.48,2.6,52.31,15.77,75.0,-4.34,-0.86,-0.86,78840291328.0,42.0,78.4,OK,
INVE-B.ST,,Investor AB ser. B,US,SEK,STO,Financial Services,No,,No,,WATCH,LOW,none,WATCH,341.3,1.52,5.2,21.55,14.85,330.33,-3.21,-1.69,-1.69,1045367488512.0,247.0,343.2,OK,
SHB-A.ST,,Svenska Handelsbanken ser. A,US,SEK,STO,Financial Services,No,,No,,WATCH,LOW,underperform,WATCH,138.45,5.54,7.5,59.16,10.92,128.43,-7.24,-1.7,-1.7,277627863040.0,95.44,138.7,OK,
SEB-A.ST,,Skandinaviska Enskilda Banken s,US,SEK,STO,Financial Services,No,,No,,WATCH,LOW,hold,WATCH,200.7,4.27,8.5,55.16,13.03,187.0,-6.83,-2.56,-2.56,399271952384.0,123.85,201.6,OK,
GS,,"Goldman Sachs Group, Inc. (The)",US,USD,NYQ,Financial Services,No,,No,,WATCH,LOW,hold,WATCH,941.24,1.69,16.0,26.41,19.13,893.79,-5.04,-3.35,-3.35,284934111232.0,439.38,961.69,OK,
TGT,,Target Corporation,US,USD,NYQ,Consumer Defensive,No,,No,,WATCH,LOW,hold,WATCH,108.42,4.3,4.56,54.55,13.14,99.18,-8.52,-4.22,-4.22,49268228096.0,83.44,145.08,OK,
CAT,,"Caterpillar, Inc.",US,USD,NYQ,Industrials,No,,No,,WATCH,LOW,buy,WATCH,639.65,0.96,6.04,29.48,32.87,606.39,-5.2,-4.24,-4.24,299662540800.0,267.3,644.59,OK,
SWED-A.ST,,Swedbank AB ser A,US,SEK,STO,Financial Services,No,,No,,WATCH,LOW,hold,WATCH,331.4,6.63,21.7,74.16,11.33,294.0,-11.29,-4.66,-4.66,372568326144.0,186.4,331.9,OK,
JYSK.CO,,Jyske Bank A/S,DK,DKK,CPH,Financial Services,No,,No,,WATCH,LOW,buy,WATCH,883.5,2.74,24.0,29.24,10.77,809.75,-8.35,-5.61,-5.61,51637141504.0,450.0,892.0,OK,
SAND.ST,,Sandvik AB,US,SEK,STO,Industrials,No,,No,,WATCH,LOW,buy,WATCH,321.1,1.82,5.75,48.81,27.28,293.79,-8.51,-6.69,-6.69,402783338496.0,168.1,322.7,OK,
VWS.CO,,Vestas Wind Systems A/S,DK,DKK,CPH,Industrials,No,,No,,WATCH,LOW,buy,WATCH,182.05,0.31,0.55,7.92,26.23,166.39,-8.6,-8.29,-8.29,180514439168.0,81.14,188.8,OK,
HM-B.ST,,"Hennes & Mauritz AB, H & M ser.",US,SEK,STO,Consumer Cyclical,No,,No,,WATCH ⚠,LOW,underperform,WATCH,181.1,3.79,6.8,98.96,26.95,157.58,-12.99,-9.2,-9.2,289741340672.0,120.0,188.35,OK,
BOL.ST,,Boliden AB,US,SEK,STO,Basic Materials,No,,No,,WATCH,LOW,hold,WATCH,581.8,,,0.0,20.08,487.73,-16.17,-16.17,-16.17,165280907264.0,259.4,582.6,OK,
MAERSK-B.CO,,A.P. Møller - Mærsk B A/S,DK,DKK,CPH,Industrials,No,,No,,WATCH,LOW,underperform,WATCH,15725.0,6.89,1120.0,51.91,7.82,11946.08,-24.03,-17.14,-17.14,230330712064.0,8734.0,16375.0,OK,
INTC,,Intel Corporation,US,USD,NMS,Technology,No,,No,,WATCH,LOW,hold,WATCH,47.35,,,0.0,789.25,39.03,-17.58,-17.58,-17.58,225883340800.0,17.67,47.81,OK,
SBB-B.ST,,Samhällsbyggnadsbo. i Norden A,US,SEK,STO,Real Estate,No,,No,,WATCH,LOW,none,WATCH,5.04,,,0.0,10.28,2.9,-42.44,-42.44,-42.44,9779033088.0,3.0,6.52,OK,
